<_>
    <form_key>GhZ1Fzs2bGq7QqzD</form_key>
    <name>Olctw_Debug</name>
    <channel>community</channel>
    <version_ids>
        <version_ids>2</version_ids>
    </version_ids>
    <summary>A debug tool bar for developers of magento commerce community 1.7 or higher.</summary>
    <description>Based on the version provided from https://github.com/madalinoprea/magneto-debug . We first try to make it working under 1.7 or higher version. Everyone is welcome to report issue and fork it in https://github.com/kiang/magneto-debug .</description>
    <license>Open Software License (OSL 3.0)</license>
    <license_uri/>
    <version>1.1.3</version>
    <stability>stable</stability>
    <notes>Just migrated the extension to be able to work under Magento community 1.7.0.0.</notes>
    <authors>
        <name>
            <name>Just This Computer Studio ( http://olc.tw )</name>
        </name>
        <user>
            <user>kiang</user>
        </user>
        <email>
            <email>service@olc.tw</email>
        </email>
    </authors>
    <depends_php_min>5.0.0</depends_php_min>
    <depends_php_max>6.0.0</depends_php_max>
    <depends>
        <package>
            <name>
                <name/>
            </name>
            <channel>
                <channel/>
            </channel>
            <min>
                <min/>
            </min>
            <max>
                <max/>
            </max>
            <files>
                <files>     </files>
            </files>
        </package>
        <extension>
            <name>
                <name>Core</name>
            </name>
            <min>
                <min/>
            </min>
            <max>
                <max/>
            </max>
        </extension>
    </depends>
    <contents>
        <target>
            <target>magelocal</target>
            <target>magecommunity</target>
            <target>magedesign</target>
            <target>magedesign</target>
            <target>magedesign</target>
            <target>magedesign</target>
            <target>mageetc</target>
            <target>mageskin</target>
        </target>
        <path>
            <path/>
            <path>Olctw/Debug</path>
            <path>frontend/base/default/template/olctw_debug</path>
            <path>frontend/base/default/layout/olctw_debug</path>
            <path>adminhtml/default/default/template/olctw_debug</path>
            <path>adminhtml/default/default/layout/olctw_debug</path>
            <path>modules/Olctw_Debug.xml</path>
            <path>frontend/base/default/olctw_debug</path>
        </path>
        <type>
            <type>file</type>
            <type>dir</type>
            <type>dir</type>
            <type>dir</type>
            <type>dir</type>
            <type>dir</type>
            <type>file</type>
            <type>dir</type>
        </type>
        <include>
            <include/>
            <include/>
            <include/>
            <include/>
            <include/>
            <include/>
            <include/>
            <include/>
        </include>
        <ignore>
            <ignore/>
            <ignore/>
            <ignore/>
            <ignore/>
            <ignore/>
            <ignore/>
            <ignore/>
            <ignore/>
        </ignore>
    </contents>
</_>
