<config>
    <sections>
        <debug translate="label" module="debug">
            <label>Debug Toolbar</label>
            <tab>advanced</tab>
            <sort_order>100</sort_order>
            <show_in_default>1</show_in_default>
            <show_in_website>1</show_in_website>
            <show_in_store>1</show_in_store>

            <groups>
                <options translate="label">
                    <label>Debug Toolbar Options</label>
                    <sort_order>100</sort_order>
                    <show_in_default>1</show_in_default>
                    <show_in_website>1</show_in_website>
                    <show_in_store>1</show_in_store>
                    <expanded>1</expanded>
                    <fields>
                        <enable>
                            <label>Enable Debug Toolbar</label>
                            <frontend_type>select</frontend_type>
                            <source_model>adminhtml/system_config_source_yesno</source_model>
                            <sort_order>1</sort_order>
                            <show_in_default>1</show_in_default>
                            <show_in_website>1</show_in_website>
                            <show_in_store>1</show_in_store>
                            <comment><![CDATA[Display Debug Toolbar if set to Yes and client's ip is whitelisted in 
                                System / Configuration / Developer / Developer Client Restrictions - Allowed IPS.]]>
                            </comment>
                            <sort_order>0</sort_order>
                        </enable>

                        <debug_panel_versions_visibility>
                            <label>Show Versions Panel</label>
                            <frontend_type>select</frontend_type>
                            <source_model>adminhtml/system_config_source_yesno</source_model>
                            <sort_order>1</sort_order>
                            <show_in_default>1</show_in_default>
                            <show_in_website>1</show_in_website>
                            <show_in_store>1</show_in_store>
                            <sort_order>1</sort_order>
                        </debug_panel_versions_visibility>

                        <debug_panel_performance_visibility>
                            <label>Show Performance Panel</label>
                            <frontend_type>select</frontend_type>
                            <source_model>adminhtml/system_config_source_yesno</source_model>
                            <sort_order>1</sort_order>
                            <show_in_default>1</show_in_default>
                            <show_in_website>1</show_in_website>
                            <show_in_store>1</show_in_store>
                            <sort_order>2</sort_order>
                        </debug_panel_performance_visibility>

                        <debug_panel_configuration_visibility>
                            <label>Show Configuration Panel</label>
                            <frontend_type>select</frontend_type>
                            <source_model>adminhtml/system_config_source_yesno</source_model>
                            <sort_order>1</sort_order>
                            <show_in_default>1</show_in_default>
                            <show_in_website>1</show_in_website>
                            <show_in_store>1</show_in_store>
                            <sort_order>3</sort_order>
                        </debug_panel_configuration_visibility>

                        <debug_panel_controller_visibility>
                            <label>Show Controller Panel</label>
                            <frontend_type>select</frontend_type>
                            <source_model>adminhtml/system_config_source_yesno</source_model>
                            <sort_order>1</sort_order>
                            <show_in_default>1</show_in_default>
                            <show_in_website>1</show_in_website>
                            <show_in_store>1</show_in_store>
                            <sort_order>4</sort_order>
                        </debug_panel_controller_visibility>

                        <debug_panel_models_visibility>
                            <label>Show Models Panel</label>
                            <frontend_type>select</frontend_type>
                            <source_model>adminhtml/system_config_source_yesno</source_model>
                            <sort_order>1</sort_order>
                            <show_in_default>1</show_in_default>
                            <show_in_website>1</show_in_website>
                            <show_in_store>1</show_in_store>
                            <sort_order>5</sort_order>
                        </debug_panel_models_visibility>

                        <debug_panel_layout_visibility>
                            <label>Show Layout Panel</label>
                            <frontend_type>select</frontend_type>
                            <source_model>adminhtml/system_config_source_yesno</source_model>
                            <sort_order>1</sort_order>
                            <show_in_default>1</show_in_default>
                            <show_in_website>1</show_in_website>
                            <show_in_store>1</show_in_store>
                            <sort_order>6</sort_order>
                        </debug_panel_layout_visibility>

                        <debug_panel_blocks_visibility>
                            <label>Show Blocks Panel</label>
                            <frontend_type>select</frontend_type>
                            <source_model>adminhtml/system_config_source_yesno</source_model>
                            <sort_order>1</sort_order>
                            <show_in_default>1</show_in_default>
                            <show_in_website>1</show_in_website>
                            <show_in_store>1</show_in_store>
                            <sort_order>7</sort_order>
                        </debug_panel_blocks_visibility>
                        
                        <debug_panel_events_visibility>
                            <label>Show Events Panel</label>
                            <frontend_type>select</frontend_type>
                            <source_model>adminhtml/system_config_source_yesno</source_model>
                            <sort_order>1</sort_order>
                            <show_in_default>1</show_in_default>
                            <show_in_website>1</show_in_website>
                            <show_in_store>1</show_in_store>
                            <sort_order>8</sort_order>
                        </debug_panel_events_visibility>

                        <debug_panel_logs_visibility>
                            <label>Show Logs Panel</label>
                            <frontend_type>select</frontend_type>
                            <source_model>adminhtml/system_config_source_yesno</source_model>
                            <sort_order>1</sort_order>
                            <show_in_default>1</show_in_default>
                            <show_in_website>1</show_in_website>
                            <show_in_store>1</show_in_store>
                            <sort_order>9</sort_order>
                        </debug_panel_logs_visibility>
                    </fields>
                </options>
            </groups>
        </debug>
    </sections>
</config>

